Kelas,Unit,Lokasi,Kode Kelas,QR Token
PKBM VII A Putri,PKBM_PUTRI,pondok_putri,PK7A-W-2601,CAHAYA-QR-PK7A-W-2601
PKBM VII B Putra,PKBM_PUTRA,pondok_putra,PK7B-P-2602,CAHAYA-QR-PK7B-P-2602
PKBM VIII A Putri,PKBM_PUTRI,pondok_putri,PK8A-W-2603,CAHAYA-QR-PK8A-W-2603
PKBM VIII B Putra,PKBM_PUTRA,pondok_putra,PK8B-P-2604,CAHAYA-QR-PK8B-P-2604
PKBM IX A Putri,PKBM_PUTRI,pondok_putri,PK9A-W-2605,CAHAYA-QR-PK9A-W-2605
PKBM IX B Putra,PKBM_PUTRA,pondok_putra,PK9B-P-2606,CAHAYA-QR-PK9B-P-2606
PKBM X,PKBM_PUTRA,pondok_putra,PK10-P-2607,CAHAYA-QR-PK10-P-2607
PKBM XI,PKBM_PUTRA,pondok_putra,PK11-P-2608,CAHAYA-QR-PK11-P-2608
PKBM XII,PKBM_PUTRA,pondok_putra,PK12-P-2609,CAHAYA-QR-PK12-P-2609
